Record ID,Company name,Type,Sector,Company Domain Name,Number of Employees,City,Country,Company owner,Create Date,Website URL,Phone Number,Last Activity Date,Country/Region,Industry,Lifecycle Stage,Street Address
1.78E+11,MR Partnership Limited,,,mrpartnership.co.uk,11,,,James Garrett,24/06/2025 10:49,https://mrpartnership.co.uk,,,,,Lead,
1.78E+11,Quentin Alder Architects,,,quentinalder.co.uk,11,,,James Garrett,24/06/2025 10:49,https://quentinalder.co.uk,,,,,Lead,
1.78E+11,hgh Consulting,,,hghconsulting.com,11,,,James Garrett,24/06/2025 10:49,https://hghconsulting.com,,,,,Lead,
1.78E+11,Stuart Forbes Associates,,,stuartforbes.com,11,,,James Garrett,24/06/2025 10:49,https://stuartforbes.com,,,,,Lead,
1.79E+11,dPb,,,dpbltd.co.uk,11,,,James Garrett,24/06/2025 10:47,https://dpbltd.co.uk,,,,,Lead,
1.79E+11,ARCHITECTONIC DESIGN LTD,,,architectonicdesign.co.uk,11,,,James Garrett,24/06/2025 10:47,https://architectonicdesign.co.uk,,,,,Lead,
1.79E+11,Jonathan Hendry Architects,,,jonathanhendryarchitects.com,11,,,James Garrett,24/06/2025 10:47,https://jonathanhendryarchitects.com,,,,,Lead,
1.79E+11,SPACE DESIGN ARCHITECTURE LIMITED,,,spacedesignarchitecture.co.uk,11,,,James Garrett,24/06/2025 10:47,https://spacedesignarchitecture.co.uk,,,,,Lead,
1.79E+11,Cube PSL,,,cubepsl.co.uk,11,,,James Garrett,24/06/2025 10:47,https://cubepsl.co.uk,,,,,Lead,
1.79E+11,Sondh Associates Ltd.,,,sondhassociates.com,11,,,James Garrett,24/06/2025 10:47,https://sondhassociates.com,,,,,Lead,
1.79E+11,Robinson Kenning & Gallagher,,,rkgpartnership.co.uk,11,,,James Garrett,24/06/2025 10:47,https://rkgpartnership.co.uk,,,,,Lead,
1.79E+11,Office For Architectural Culture Limited,,,officeforarchitecturalculture.com,11,,,James Garrett,24/06/2025 10:47,https://officeforarchitecturalculture.com,,,,,Lead,
1.79E+11,Restorative Techniques Ltd,,,restorative-products.com,11,,,James Garrett,24/06/2025 10:47,https://restorative-products.com,,,,,Lead,
1.79E+11,Johnston Cave Associates,,,johnstoncave.com,11,,,James Garrett,24/06/2025 10:47,https://johnstoncave.com,,,,,Lead,
1.79E+11,David Jarvis Associates Limited,,,davidjarvis.biz,11,,,James Garrett,24/06/2025 10:47,https://davidjarvis.biz,,,,,Lead,
1.79E+11,AVR London,,,avr.london,11,,,James Garrett,24/06/2025 10:47,https://avr.london,,,,,Lead,
1.79E+11,Moloney O'Beirne Architects,,,mob.ie,11,,,James Garrett,24/06/2025 10:47,https://mob.ie,,,,,Lead,
1.79E+11,Coe Design Landscape Architecture,,,coe-design.co.uk,11,,,James Garrett,24/06/2025 10:47,https://coe-design.co.uk,,,,,Lead,
1.79E+11,CD Architects,,,graydesignltd.co.uk,11,,,James Garrett,24/06/2025 10:47,https://graydesignltd.co.uk,,,,,Lead,
1.79E+11,SAM Group,,,samplanning.co.uk,11,,,James Garrett,24/06/2025 10:47,https://samplanning.co.uk,,,,,Lead,
1.79E+11,Yiangou Architects,,,yiangou.com,11,,,James Garrett,24/06/2025 10:47,https://yiangou.com,,,,,Lead,
1.79E+11,Maltby Land Surveys Ltd - Based in Sussex,,,maltbysurveys.com,11,,,James Garrett,24/06/2025 10:47,https://maltbysurveys.com,,,,,Lead,
1.79E+11,Soundscape,,,soundscape.uk,11,,,James Garrett,24/06/2025 10:47,https://soundscape.uk,,,,,Lead,
1.79E+11,Moxley Architects Ltd,,,moxley.co.uk,11,,,James Garrett,24/06/2025 10:47,https://moxley.co.uk,,,,,Lead,
1.79E+11,MMM Architects Ltd,,,mmmarchitects.com,11,,,James Garrett,24/06/2025 10:47,https://mmmarchitects.com,,,,,Lead,
1.79E+11,KnoxClayton Architects,,,knox-clayton.co.uk,11,,,James Garrett,24/06/2025 10:47,https://knox-clayton.co.uk,,,,,Lead,
1.79E+11,Arqui9 Visualisation,,,arqui9.com,11,,,James Garrett,24/06/2025 10:47,https://arqui9.com,,,,,Lead,
1.79E+11,LOYN+CO ARCHITECTS,,,loyn.co.uk,11,,,James Garrett,24/06/2025 10:47,https://loyn.co.uk,,,,,Lead,
1.79E+11,Murdoch Wickham,,,murdochwickham.com,11,,,James Garrett,24/06/2025 10:47,https://murdochwickham.com,,,,,Lead,
1.79E+11,Beckwith Design,,,beckwithdesign.co.uk,11,,,James Garrett,24/06/2025 10:47,https://beckwithdesign.co.uk,,,,,Lead,
1.79E+11,HPA Architecture Ltd,,,hpa-architecture.com,11,,,James Garrett,24/06/2025 10:47,https://hpa-architecture.com,,,,,Lead,
1.79E+11,MGA Architecture (Michael Gilmour Associates),,,mga-architecture.co.uk,11,,,James Garrett,24/06/2025 10:47,https://mga-architecture.co.uk,,,,,Lead,
1.79E+11,Quantarc Ltd,,,quantarc.co.uk,11,,,James Garrett,24/06/2025 10:47,https://quantarc.co.uk,,,,,Lead,
1.79E+11,Trower Davies Ltd.,,,trowerdavies.co.uk,11,,,James Garrett,24/06/2025 10:47,https://trowerdavies.co.uk/home,,,,,Lead,
1.79E+11,Building Design Northern,,,bdnltd.com,11,,,James Garrett,24/06/2025 10:45,https://bdnltd.com,,,,,Lead,
1.79E+11,Pelham,,,pelham.co.uk,11,,,James Garrett,24/06/2025 10:45,https://pelham.co.uk,,,,,Lead,
1.79E+11,IDP ARCHITECTS LLP,,,idparchitects.co.uk,11,,,James Garrett,24/06/2025 10:45,https://idparchitects.co.uk,,,,,Lead,
1.79E+11,"Russen & Turner - Architectural Designers, Estate Agents and Chartered Surveyors",,,russenandturner.co.uk,11,,,James Garrett,24/06/2025 10:45,https://russenandturner.co.uk,,,,,Lead,
1.79E+11,Gravis Planning,,,gravisplanning.com,11,,,James Garrett,24/06/2025 10:45,https://gravisplanning.com,,,,,Lead,
1.79E+11,Brindley,,,brindleyassociates.co.uk,11,,,James Garrett,24/06/2025 10:45,https://brindleyassociates.co.uk,,,,,Lead,
1.79E+11,AAP Architecture Ltd,,,aap-arc.co.uk,11,,,James Garrett,24/06/2025 10:45,https://aap-arc.co.uk,,,,,Lead,
1.79E+11,FRAMED ESTATES Architects,,,framedestates.com,11,,,James Garrett,24/06/2025 10:45,https://framedestates.com,,,,,Lead,
1.79E+11,TVAS (Ireland) Ltd.,,,tvasireland.ie,11,,,James Garrett,24/06/2025 10:45,https://tvasireland.ie,,,,,Lead,
1.79E+11,P2 DESIGN LIMITED,,,p2design.co.uk,11,,,James Garrett,24/06/2025 10:45,https://p2design.co.uk,,,,,Lead,
1.79E+11,DCa architects - David Coles architects,,,colesarchitects.co.uk,11,,,James Garrett,24/06/2025 10:45,https://colesarchitects.co.uk,,,,,Lead,
1.79E+11,CD Architects Ltd,,,cd-architects.co.uk,11,,,James Garrett,24/06/2025 10:45,https://cd-architects.co.uk,,,,,Lead,
1.79E+11,SBS Shopfitters Limited,,,sbs-shopfitters.co.uk,11,,,James Garrett,24/06/2025 10:45,https://sbs-shopfitters.co.uk,,,,,Lead,
1.79E+11,Michael Aubrey Structural Engineers,,,mapl.co.uk,11,,,James Garrett,24/06/2025 10:45,https://mapl.co.uk,,,,,Lead,
1.79E+11,Mei Loci Landscape Architects | B Corp,,,meiloci.co.uk,11,,,James Garrett,24/06/2025 10:45,https://meiloci.co.uk,,,,,Lead,
1.79E+11,Archiform London Ltd.,,,archiform-london.co.uk,11,,,James Garrett,24/06/2025 10:45,https://archiform-london.co.uk,,,,,Lead,
1.79E+11,Rame Architects Ltd,,,ramearchitects.com,11,,,James Garrett,24/06/2025 10:45,https://ramearchitects.com,,,,,Lead,
1.79E+11,Foster Wilson Size,,,fosterwilsonsize.com,11,,,James Garrett,24/06/2025 10:45,https://fosterwilsonsize.com,,,,,Lead,
1.79E+11,Morgan Architects Ltd,,,jmorganarchitects.com,11,,,James Garrett,24/06/2025 10:45,https://jmorganarchitects.com,,,,,Lead,
1.79E+11,ASCAPE,,,ascape.co.uk,11,,,James Garrett,24/06/2025 10:45,https://ascape.co.uk,,,,,Lead,
1.79E+11,Harris Irwin Architects,,,harrisirwin.com,11,,,James Garrett,24/06/2025 10:45,https://harrisirwin.com,,,,,Lead,
1.79E+11,Oppermann Associates,,,oppermann.ie,11,,,James Garrett,24/06/2025 10:45,https://oppermann.ie,,,,,Lead,
1.79E+11,Kennedy FitzGerald Architects LLP,,,kennedyfitzgerald.com,11,,,James Garrett,24/06/2025 10:45,https://kennedyfitzgerald.com,,,,,Lead,
1.79E+11,Pearce Bottomley Architects,,,pbarchitects.co.uk,11,,,James Garrett,24/06/2025 10:45,https://pbarchitects.co.uk,,,,,Lead,
1.79E+11,Tasou Associates,,,tasou.co.uk,11,,,James Garrett,24/06/2025 10:45,https://tasou.co.uk,,,,,Lead,
1.79E+11,eml architects,,,eml.ie,11,,,James Garrett,24/06/2025 10:45,https://eml.ie,,,,,Lead,
1.79E+11,LRM Planning,,,lrmplanning.com,11,,,James Garrett,24/06/2025 10:45,https://lrmplanning.com,,,,,Lead,
1.79E+11,Coltart Earley Architecture,,,cearchitecture.com,11,,,James Garrett,24/06/2025 10:45,https://cearchitecture.com,,,,,Lead,
1.79E+11,TDC Architects Ltd,,,tdc-arch.design,11,,,James Garrett,24/06/2025 10:45,https://tdc-arch.design,,,,,Lead,
1.79E+11,gcp Chartered Architects,,,gcparch.co.uk,11,,,James Garrett,24/06/2025 10:45,https://gcparch.co.uk,,,,,Lead,
1.79E+11,RSK Acoustics,,,rskgroup.com,11,,,James Garrett,24/06/2025 10:45,https://rskgroup.com,,,,,Lead,
1.79E+11,Rockhunter,,,rockhunter.co.uk,11,,,James Garrett,24/06/2025 10:45,https://rockhunter.co.uk,,,,,Lead,
1.79E+11,Doone Silver Kerr,,,doonesilverkerr.com,11,,,James Garrett,24/06/2025 10:45,https://doonesilverkerr.com,,,,,Lead,
1.78E+11,TFF Architects Ltd,,,tffa.co.uk,11,,,James Garrett,24/06/2025 10:43,https://tffa.co.uk,,,,,Lead,
1.78E+11,dn-a architecture,,,mydn-a.com,11,,,James Garrett,24/06/2025 10:43,https://mydn-a.com,,,,,Lead,
1.78E+11,HORSLEY HUBER ARCHITECTS LIMITED,,,hhastudio.com,11,,,James Garrett,24/06/2025 10:43,https://hhastudio.com,,,,,Lead,
1.78E+11,DS2,,,ds2.co.uk,11,,,James Garrett,24/06/2025 10:43,https://ds2.co.uk,,,,,Lead,
1.78E+11,Childs Sulzmann Architects,,,cs-architects.co.uk,11,,,James Garrett,24/06/2025 10:43,https://cs-architects.co.uk,,,,,Lead,
1.78E+11,Rodney Melville + Partners,,,rmpuk.com,11,,,James Garrett,24/06/2025 10:43,https://rmpuk.com,,,,,Lead,
1.78E+11,Smith Simmons & Partners,,,ss-p.co.uk,11,,,James Garrett,24/06/2025 10:43,https://ss-p.co.uk,,,,,Lead,
1.78E+11,Blackmoon Lighting Ltd,,,blackmoonlighting.com,11,,,James Garrett,24/06/2025 10:43,https://blackmoonlighting.com,,,,,Lead,
1.78E+11,WS Planning & Architecture,,,wspa.co.uk,11,,,James Garrett,24/06/2025 10:43,https://wspa.co.uk,,,,,Lead,
1.78E+11,Architon LLP,,,architon.com,11,,,James Garrett,24/06/2025 10:43,https://architon.com,,,,,Lead,
1.78E+11,D2 Planning,,,d2planning.co.uk,11,,,James Garrett,24/06/2025 10:43,https://d2planning.co.uk,,,,,Lead,
1.78E+11,Robert Doughty Consultancy Limited,,,rdc-landplan.co.uk,11,,,James Garrett,24/06/2025 10:43,https://rdc-landplan.co.uk,,,,,Lead,
1.78E+11,Manning Elliott Partnership,,,manning-elliott.co.uk,11,,,James Garrett,24/06/2025 10:43,https://manning-elliott.co.uk,,,,,Lead,
1.78E+11,ENJOY DESIGN LTD,,,enjoy-design.co.uk,11,,,James Garrett,24/06/2025 10:43,https://enjoy-design.co.uk,,,,,Lead,
1.78E+11,Ben Cunliffe Architects,,,bencunliffe.co.uk,11,,,James Garrett,24/06/2025 10:43,https://bencunliffe.co.uk,,,,,Lead,
1.78E+11,WH Architects Ltd,,,wharchitects.co.uk,11,,,James Garrett,24/06/2025 10:43,https://wharchitects.co.uk,,,,,Lead,
1.78E+11,MICHAEL DRAIN ARCHITECTS LIMITED,,,michaeldrain.com,11,,,James Garrett,24/06/2025 10:43,https://michaeldrain.com,,,,,Lead,
1.78E+11,Frampton Town Planning Ltd,,,framptons-planning.com,11,,,James Garrett,24/06/2025 10:43,https://framptons-planning.com,,,,,Lead,
1.78E+11,Wellwood Leslie Architects,,,wellwoodleslie.com,11,,,James Garrett,24/06/2025 10:43,https://wellwoodleslie.com,,,,,Lead,
1.78E+11,Ashby Design,,,ashbydesign.co.uk,11,,,James Garrett,24/06/2025 10:43,https://ashbydesign.co.uk,,,,,Lead,
1.78E+11,COLIN ARMSTRONG ARCHITECTS LTD,,,colinarmstrong.com,11,,,James Garrett,24/06/2025 10:43,https://colinarmstrong.com,,,,,Lead,
1.78E+11,Alchemy Architects Ltd,,,alchemyarchitectsltd.com,11,,,James Garrett,24/06/2025 10:43,https://alchemyarchitectsltd.com,,,,,Lead,
1.78E+11,Sharps Redmore Acoustic Consultants,,,sharpsredmore.co.uk,11,,,James Garrett,24/06/2025 10:43,https://sharpsredmore.co.uk,,,,,Lead,
1.78E+11,Geddes Architects,,,geddesarchitects.com,11,,,James Garrett,24/06/2025 10:43,https://geddesarchitects.com,,,,,Lead,
1.78E+11,The Livemore Partnership,,,livemore.co.uk,11,,,James Garrett,24/06/2025 10:43,https://livemore.co.uk,,,,,Lead,
1.78E+11,GD Lodge Architects LLP,,,gdlodge.co.uk,11,,,James Garrett,24/06/2025 10:43,https://gdlodge.co.uk,,,,,Lead,
1.78E+11,The Kalyvides Partnership,,,kalyvidespartnership.co.uk,11,,,James Garrett,24/06/2025 10:43,https://kalyvidespartnership.co.uk,,,,,Lead,
1.78E+11,Groves-Raines Architects Studios,,,gras.co,11,,,James Garrett,24/06/2025 10:43,https://gras.co,,,,,Lead,
1.78E+11,Small Building Services,,,smallbuildingservices.com,11,,,James Garrett,24/06/2025 10:43,https://smallbuildingservices.com,,,,,Lead,
1.78E+11,INTBAU,,,intbau.org,11,,,James Garrett,24/06/2025 10:43,https://intbau.org,,,,,Lead,
1.78E+11,ARCEN,,,wearearcen.com,11,,,James Garrett,24/06/2025 10:43,https://wearearcen.com,,,,,Lead,
1.78E+11,Pac Studio,,,pacstudio.ie,11,,,James Garrett,24/06/2025 10:43,https://pacstudio.ie,,,,,Lead,
1.78E+11,Miakoda Designs Ltd,,,miakodadesigns.co.uk,11,,,James Garrett,24/06/2025 10:41,https://miakodadesigns.co.uk,,,,,Lead,
1.78E+11,DV Architects,,,dv-architects.co.uk,11,,,James Garrett,24/06/2025 10:41,https://dv-architects.co.uk,,,,,Lead,
1.78E+11,Philip Dunbavin Acoustics Ltd,,,pdaltd.com,11,,,James Garrett,24/06/2025 10:41,https://pdaltd.com,,,,,Lead,
1.78E+11,Wyatt Maclaren Llp,,,wyattmaclaren.com,11,,,James Garrett,24/06/2025 10:41,https://wyattmaclaren.com,,,,,Lead,
1.78E+11,Chadwick International,,,chadwick-international.com,11,,,James Garrett,24/06/2025 10:41,https://chadwick-international.com,,,,,Lead,
1.78E+11,The Hampstead Garden Suburb Trust,,,hgstrust.org,11,,,James Garrett,24/06/2025 10:41,https://hgstrust.org,,,,,Lead,
1.78E+11,Simply Planning Limited,,,simply-planning.com,11,,,James Garrett,24/06/2025 10:41,https://simply-planning.com,,,,,Lead,
1.78E+11,Open City,,,open-city.org.uk,11,,,James Garrett,24/06/2025 10:41,https://open-city.org.uk,,,,,Lead,
1.78E+11,NJSR Chartered Architects LLP,,,njsr.co.uk,11,,,James Garrett,24/06/2025 10:41,https://njsr.co.uk,,,,,Lead,
1.78E+11,FarrimondMacManus Limited,,,farrimondmacmanus.co.uk,11,,,James Garrett,24/06/2025 10:41,https://farrimondmacmanus.co.uk,,,,,Lead,
1.78E+11,Scottish Historic Buildings Trust,,,shbt.org.uk,11,,,James Garrett,24/06/2025 10:41,https://shbt.org.uk,,,,,Lead,
1.78E+11,Cameo and Partners,,,cameoandpartners.com,11,,,James Garrett,24/06/2025 10:41,https://cameoandpartners.com,,,,,Lead,
1.78E+11,Macro Works,,,macroworks.ie,11,,,James Garrett,24/06/2025 10:41,https://macroworks.ie,,,,,Lead,
1.78E+11,Brown & Brown Architects,,,brownandbrown.studio,11,,,James Garrett,24/06/2025 10:41,https://brownandbrown.studio,,,,,Lead,
1.78E+11,Bunni Studio,,,bunnistudio.com,11,,,James Garrett,24/06/2025 10:41,https://bunnistudio.com,,,,,Lead,
1.78E+11,LIONEL GREGORY LIMITED,,,lionelgregory.co.uk,11,,,James Garrett,24/06/2025 10:41,https://lionelgregory.co.uk,,,,,Lead,
1.78E+11,Sts Structural Engineering Ltd,,,sts-se.co.uk,11,,,James Garrett,24/06/2025 10:41,https://sts-se.co.uk,,,,,Lead,
1.78E+11,Mason Gillibrand Architects,,,masongillibrand.com,11,,,James Garrett,24/06/2025 10:41,https://masongillibrand.com,,,,,Lead,
1.78E+11,Architects-Group…Sadler Brown®…Design_North®,,,architects-group.com,11,,,James Garrett,24/06/2025 10:41,https://architects-group.com,,,,,Lead,
1.78E+11,Michael Jones Architects Ltd,,,mjarchitects.co.uk,11,,,James Garrett,24/06/2025 10:41,https://mjarchitects.co.uk,,,,,Lead,
1.78E+11,Haydon Finch Ltd,,,haydonfinch.co.uk,11,,,James Garrett,24/06/2025 10:41,https://haydonfinch.co.uk,,,,,Lead,
1.78E+11,ATA design,,,atadesign.co.uk,11,,,James Garrett,24/06/2025 10:41,https://atadesign.co.uk,,,,,Lead,
1.78E+11,Jones Lambell Ellis Studio,,,jlestudio.co.uk,11,,,James Garrett,24/06/2025 10:41,https://jlestudio.co.uk,,,,,Lead,
1.78E+11,Barron Edwards Sterling,,,barronedwards.co.uk,11,,,James Garrett,24/06/2025 10:41,https://barronedwards.co.uk,,,,,Lead,
1.78E+11,Studiorogers Architects,,,studiorogers.com,11,,,James Garrett,24/06/2025 10:41,https://studiorogers.com,,,,,Lead,
1.78E+11,Manalo & White,,,manaloandwhite.co.uk,11,,,James Garrett,24/06/2025 10:41,https://manaloandwhite.co.uk,,,,,Lead,
1.78E+11,JANE DUNCAN ARCHITECTS LIMITED,,,janeduncanarchitects.co.uk,11,,,James Garrett,24/06/2025 10:41,https://janeduncanarchitects.co.uk,,,,,Lead,
1.78E+11,21SPACES,,,21spaces.com,11,,,James Garrett,24/06/2025 10:41,https://21spaces.com,,,,,Lead,
1.78E+11,JOHN POTTER ARCHITECT LIMITED,,,johnpotterarchitect.com,11,,,James Garrett,24/06/2025 10:41,https://johnpotterarchitect.com,,,,,Lead,
1.78E+11,John Brown Architecture Limited,,,jbarch.co.uk,11,,,James Garrett,24/06/2025 10:41,https://jbarch.co.uk,,,,,Lead,
1.78E+11,Lee Boyd Architects and Designers,,,leeboyd.com,11,,,James Garrett,24/06/2025 10:41,https://leeboyd.com,,,,,Lead,
1.78E+11,Re-Format,,,re-format.co.uk,11,,,James Garrett,24/06/2025 10:41,https://re-format.co.uk,,,,,Lead,
1.79E+11,PWP Architects,,,pwp-architects.com,11,,,James Garrett,24/06/2025 10:39,https://pwp-architects.com,,,,,Lead,
1.79E+11,CS Pringle,,,cspringle.com,11,,,James Garrett,24/06/2025 10:39,https://cspringle.com,,,,,Lead,
1.79E+11,MJP Architects,,,mjparchitects.co.uk,11,,,James Garrett,24/06/2025 10:39,https://mjparchitects.co.uk,,,,,Lead,
1.79E+11,Julian Cowie Architects Limited,,,jc-architects.co.uk,11,,,James Garrett,24/06/2025 10:39,https://jc-architects.co.uk,,,,,Lead,
1.79E+11,Inverse Lighting Design Ltd.,,,inverselighting.co.uk,11,,,James Garrett,24/06/2025 10:39,https://inverselighting.co.uk,,,,,Lead,
1.79E+11,Randell Design Group,,,randelldesigngroup.com,11,,,James Garrett,24/06/2025 10:39,https://randelldesigngroup.com,,,,,Lead,
1.79E+11,TACP Architects Ltd,,,tacparchitects.co.uk,11,,,James Garrett,24/06/2025 10:39,https://tacparchitects.co.uk,,,,,Lead,
1.79E+11,BURR DESIGN ASSOCIATES LIMITED,,,burrdesign.co.uk,11,,,James Garrett,24/06/2025 10:39,https://burrdesign.co.uk,,,,,Lead,
1.79E+11,John Coward Architects,,,johncowardarchitects.co.uk,11,,,James Garrett,24/06/2025 10:39,https://johncowardarchitects.co.uk,,,,,Lead,
1.79E+11,Smith + Kennedy Architects,,,smithkennedy.ie,11,,,James Garrett,24/06/2025 10:39,https://smithkennedy.ie,,,,,Lead,
1.79E+11,Fullbrook Nursery,,,fullbrookplants.co.uk,11,,,James Garrett,24/06/2025 10:39,https://fullbrookplants.co.uk,,,,,Lead,
1.79E+11,DLA Town Planning Ltd,,,dlatownplanning.com,11,,,James Garrett,24/06/2025 10:39,https://dlatownplanning.com,,,,,Lead,
1.79E+11,frontload,,,frontload.co.uk,11,,,James Garrett,24/06/2025 10:39,https://frontload.co.uk,,,,,Lead,
1.79E+11,CSK Architects,,,cskarchitects.co.uk,11,,,James Garrett,24/06/2025 10:39,https://cskarchitects.co.uk,,,,,Lead,
1.79E+11,Kampus International Ltd,,,thekampus.co.uk,11,,,James Garrett,24/06/2025 10:39,https://thekampus.co.uk,,,,,Lead,
1.79E+11,apt. Design Ltd,,,apt-design.co.uk,11,,,James Garrett,24/06/2025 10:39,https://apt-design.co.uk,,,,,Lead,
1.79E+11,Wyvern Partnership LLP,,,wyvernpartnership.co.uk,11,,,James Garrett,24/06/2025 10:39,https://wyvernpartnership.co.uk,,,,,Lead,
1.79E+11,RG Partnership Ltd,,,rgp.uk.com,11,,,James Garrett,24/06/2025 10:39,https://rgp.uk.com,,,,,Lead,
1.79E+11,BDS Architecture & Interior Design,,,bds-architecture.com,11,,,James Garrett,24/06/2025 10:39,https://bds-architecture.com,,,,,Lead,
1.79E+11,BBA Architects Ltd,,,bba-architects.co.uk,11,,,James Garrett,24/06/2025 10:39,https://bba-architects.co.uk,,,,,Lead,
1.79E+11,AMBS Architects,,,ambsarchitects.com,11,,,James Garrett,24/06/2025 10:39,https://ambsarchitects.com,,,,,Lead,
1.79E+11,Simon Conder Associates Limited,,,simonconder.co.uk,11,,,James Garrett,24/06/2025 10:39,https://simonconder.co.uk,,,,,Lead,
1.79E+11,Skyline CG,,,skylinecg.com,11,,,James Garrett,24/06/2025 10:39,https://skylinecg.com,,,,,Lead,
1.79E+11,PWLC Projects,,,pwlcprojects.co.uk,11,,,James Garrett,24/06/2025 10:39,https://pwlcprojects.co.uk,,,,,Lead,
1.79E+11,Leander Architectural,,,leanderuk.com,11,,,James Garrett,24/06/2025 10:39,https://leanderuk.com,,,,,Lead,
1.79E+11,PEARN AND PROCTER LIMITED,,,pearnandprocter.co.uk,11,,,James Garrett,24/06/2025 10:39,https://pearnandprocter.co.uk/news1.html,,,,,Lead,
1.79E+11,Julian Harrap Architects LLP,,,julianharraparchitects.co.uk,11,,,James Garrett,24/06/2025 10:39,https://julianharraparchitects.co.uk,,,,,Lead,
1.79E+11,Calibre Climate,,,calibreclimate.com,11,,,James Garrett,24/06/2025 10:39,https://calibreclimate.com,,,,,Lead,
1.79E+11,Herbert & Partners (Architecture) Limited,,,handparchitects.com,11,,,James Garrett,24/06/2025 10:39,https://handparchitects.com,,,,,Lead,
1.79E+11,The Noble Consultancy Ltd,,,noble-consultancy.co.uk,11,,,James Garrett,24/06/2025 10:39,https://noble-consultancy.co.uk,,,,,Lead,
1.79E+11,Witherford Watson Mann architects,,,wwmarchitects.co.uk,11,,,James Garrett,24/06/2025 10:39,https://wwmarchitects.co.uk,,,,,Lead,
1.79E+11,Bisset Adams,,,bissetadams.co.uk,11,,,James Garrett,24/06/2025 10:39,https://bissetadams.co.uk,,,,,Lead,
1.79E+11,ALPHA SCOT,,,alpha.scot,11,,,James Garrett,24/06/2025 10:39,https://alpha.scot,,,,,Lead,
1.79E+11,Dennis Sharp Architects,,,sharparchitects.co.uk,11,,,James Garrett,24/06/2025 10:39,https://sharparchitects.co.uk,,,,,Lead,
1.79E+11,Penwarden Hale Architects,,,penwardenhale.co.uk,11,,,James Garrett,24/06/2025 10:39,https://penwardenhale.co.uk,,,,,Lead,
1.79E+11,ARMSTRONG RIGG PLANNING LIMITED,,,arplanning.co.uk,11,,,James Garrett,24/06/2025 10:39,https://arplanning.co.uk,,,,,Lead,
1.79E+11,Spring Design,,,spring-consultancy.co.uk,11,,,James Garrett,24/06/2025 10:39,https://spring-consultancy.co.uk,,,,,Lead,
1.78E+11,Synergy Architects Limited,,,synergyarchitects.co.uk,11,,,James Garrett,24/06/2025 10:37,https://synergyarchitects.co.uk,,,,,Lead,
1.78E+11,LITE Architectural,,,lite-ltd.co.uk,11,,,James Garrett,24/06/2025 10:37,https://lite-ltd.co.uk,,,,,Lead,
1.78E+11,Charlie Luxton Design,,,charlieluxtondesign.com,11,,,James Garrett,24/06/2025 10:37,https://charlieluxtondesign.com,,,,,Lead,
1.78E+11,Courtney Deery Heritage Consultancy Ltd.,,,courtneydeery.ie,11,,,James Garrett,24/06/2025 10:37,https://courtneydeery.ie,,,,,Lead,
1.78E+11,Studio U+A,,,studioua.com,11,,,James Garrett,24/06/2025 10:37,https://studioua.com,,,,,Lead,
1.78E+11,Mellor Architects,,,mellorarchitects.com,11,,,James Garrett,24/06/2025 10:37,https://mellorarchitects.com,,,,,Lead,
1.78E+11,ASTLE PLANNING AND DESIGN LIMITED,,,astlepd.co.uk,11,,,James Garrett,24/06/2025 10:37,https://astlepd.co.uk,,,,,Lead,
1.78E+11,Lea Hough Chartered Surveyors,,,leahough.co.uk,11,,,James Garrett,24/06/2025 10:37,https://leahough.co.uk,,,,,Lead,
1.78E+11,Artel31,,,artel31.co.uk,11,,,James Garrett,24/06/2025 10:37,https://artel31.co.uk,,,,,Lead,
1.78E+11,BBF FIELDING LIMITED,,,bbf-fielding.co.uk,11,,,James Garrett,24/06/2025 10:37,https://bbf-fielding.co.uk,,,,,Lead,
1.78E+11,Samuel Stevenson & Sons Ltd,,,samuel-stevenson.co.uk,11,,,James Garrett,24/06/2025 10:37,https://samuel-stevenson.co.uk,,,,,Lead,
1.78E+11,The JTS Partnership LLP,,,jtspartnership.co.uk,11,,,James Garrett,24/06/2025 10:37,https://jtspartnership.co.uk,,,,,Lead,
1.78E+11,MES Building Solutions,,,mesbuildingsolutions.co.uk,11,,,James Garrett,24/06/2025 10:37,https://mesbuildingsolutions.co.uk,,,,,Lead,
1.78E+11,MCK ASSOCIATES LIMITED,,,mckassociates.co.uk,11,,,James Garrett,24/06/2025 10:37,https://mckassociates.co.uk,,,,,Lead,
1.78E+11,Lynch Architects,,,lyncharchitects.com,11,,,James Garrett,24/06/2025 10:37,https://lyncharchitects.com,,,,,Lead,
1.78E+11,Freeland Rees Roberts Architects,,,frrarchitects.co.uk,11,,,James Garrett,24/06/2025 10:37,https://frrarchitects.co.uk,,,,,Lead,
1.78E+11,Bell Cornwell LLP Planning Consultants,,,bell-cornwell.co.uk,11,,,James Garrett,24/06/2025 10:37,https://bell-cornwell.co.uk,,,,,Lead,
1.78E+11,Places of ARcture,,,placesofarcture.com,11,,,James Garrett,24/06/2025 10:37,https://placesofarcture.com,,,,,Lead,
1.78E+11,CHATSWORTH FORGE LIMITED,,,chatsworthforge.co.uk,11,,,James Garrett,24/06/2025 10:37,https://chatsworthforge.co.uk,,,,,Lead,
1.78E+11,Hamilton Young Architects,,,hamiltonyoungarchitects.com,11,,,James Garrett,24/06/2025 10:37,https://hamiltonyoungarchitects.com,,,,,Lead,
1.78E+11,Ay Architects Llp,,,ayarchitects.com,11,,,James Garrett,24/06/2025 10:37,https://ayarchitects.com,,,,,Lead,
1.78E+11,Powell Tuck Associates,,,powelltuckassociates.co.uk,11,,,James Garrett,24/06/2025 10:37,https://powelltuckassociates.co.uk,,,,,Lead,
1.78E+11,Upshoot,,,upshoot.co.uk,11,,,James Garrett,24/06/2025 10:37,https://upshoot.co.uk,,,,,Lead,
1.78E+11,Stonehealth Ltd,,,stonehealth.com,11,,,James Garrett,24/06/2025 10:37,https://stonehealth.com,,,,,Lead,
1.78E+11,NEW masterplanning,,,newmasterplanning.com,11,,,James Garrett,24/06/2025 10:37,https://newmasterplanning.com,,,,,Lead,
1.78E+11,Link Engineering,,,linkeng.co.uk,11,,,James Garrett,24/06/2025 10:37,https://linkeng.co.uk,,,,,Lead,
1.78E+11,Patalab Architects,,,patalab.com,11,,,James Garrett,24/06/2025 10:37,https://patalab.com,,,,,Lead,
1.78E+11,EDGINGTONS ARCHITECTS,,,edgingtons.co.uk,11,,,James Garrett,24/06/2025 10:37,https://edgingtons.co.uk,,,,,Lead,
1.78E+11,Studio Anyo,,,studioanyo.com,11,,,James Garrett,24/06/2025 10:37,https://studioanyo.com,,,,,Lead,
1.78E+11,Howard - Fairbairn : MHK,,,hfmhk.com,11,,,James Garrett,24/06/2025 10:37,https://hfmhk.com,,,,,Lead,
1.78E+11,Fuller Long - HEA,,,fullerlong.com,11,,,James Garrett,24/06/2025 10:37,https://fullerlong.com,,,,,Lead,
1.78E+11,CSM+Architects LLP,,,csmarchitects.co.uk,11,,,James Garrett,24/06/2025 10:37,https://csmarchitects.co.uk,,,,,Lead,
1.78E+11,E8 Architecture,,,e8architecture.co.uk,11,,,James Garrett,24/06/2025 10:37,https://e8architecture.co.uk,,,,,Lead,
1.78E+11,Tyack Architects Ltd,,,tyackarchitects.com,11,,,James Garrett,24/06/2025 10:37,https://tyackarchitects.com,,,,,Lead,
1.78E+11,Urban3D,,,urban3d.net,11,,,James Garrett,24/06/2025 10:37,https://urban3d.net,,,,,Lead,
1.78E+11,PREMIER LIFT GROUP,,,premierliftgroup.co.uk,11,,,James Garrett,24/06/2025 10:37,https://premierliftgroup.co.uk,,,,,Lead,
1.78E+11,FRONT. Architecture,,,front-architecture.co.uk,11,,,James Garrett,24/06/2025 10:37,https://front-architecture.co.uk,,,,,Lead,
1.78E+11,Pipers Events,,,pipersmodelmakers.co.uk,11,,,James Garrett,24/06/2025 10:37,https://pipersmodelmakers.co.uk,,,,,Lead,
1.78E+11,ERMC Limited,,,ermc.co.uk,11,,,James Garrett,24/06/2025 10:37,https://ermc.co.uk,,,,,Lead,
1.78E+11,Planning Potential,,,planningpotential.co.uk,11,,,James Garrett,24/06/2025 10:37,https://planningpotential.co.uk,,,,,Lead,
1.78E+11,Perfect Planning Architectural and Construction Services Limited,,,perfect-planning.co.uk,11,,,James Garrett,24/06/2025 10:37,https://perfect-planning.co.uk,,,,,Lead,
1.78E+11,Alpine Property Group Ltd,,,alpinesurveys.co.uk,11,,,James Garrett,24/06/2025 10:37,https://alpinesurveys.co.uk,,,,,Lead,
1.77E+11,John Halligan Architects,,,jharch.ie,11,,United Kingdom,James Garrett,20/06/2025 12:14,https://jharch.ie,,,united kingdom,,Lead,
1.77E+11,Markam Associates Ltd,,,markamassociates.com,11,,United Kingdom,James Garrett,20/06/2025 12:14,https://markamassociates.com,,,united kingdom,,Lead,
1.77E+11,McGovern Surveyors,,,mcgovernsurveyors.ie,11,,United Kingdom,James Garrett,20/06/2025 12:14,https://mcgovernsurveyors.ie,,,united kingdom,,Lead,
1.77E+11,LMA Architects,,,l-m-a.co.uk,11,,United Kingdom,James Garrett,20/06/2025 12:14,https://l-m-a.co.uk,,,united kingdom,,Lead,
1.77E+11,Verity & Beverley Ltd,,,verity-beverley.co.uk,11,,United Kingdom,James Garrett,20/06/2025 12:14,https://verity-beverley.co.uk,,,united kingdom,,Lead,
1.77E+11,Smart Planning Ltd,,,smartplanning.co.uk,11,,United Kingdom,James Garrett,20/06/2025 12:14,https://smartplanning.co.uk,,,united kingdom,,Lead,
1.77E+11,APS ARCHITECTS LLP,,,aps-architects.co.uk,11,,United Kingdom,James Garrett,20/06/2025 12:14,https://aps-architects.co.uk,,,united kingdom,,Lead,
1.77E+11,Architecture and Design Scotland (A&DS),,,ads.org.uk,11,,United Kingdom,James Garrett,20/06/2025 12:14,https://ads.org.uk,,,united kingdom,,Lead,
1.77E+11,Latitude Architects,,,latitudearchitects.com,11,,United Kingdom,James Garrett,20/06/2025 12:14,https://latitudearchitects.com,,,united kingdom,,Lead,
1.77E+11,Pringle Richards Sharratt Architects,,,prsarchitects.com,11,,United Kingdom,James Garrett,20/06/2025 12:14,https://prsarchitects.com,,,united kingdom,,Lead,
1.77E+11,ASSIST Design,,,assistdesign.co.uk,11,,United Kingdom,James Garrett,20/06/2025 12:14,https://assistdesign.co.uk,,,united kingdom,,Lead,
1.77E+11,Crawford Higgins Associates,,,crawfordhiggins.co.uk,11,,United Kingdom,James Garrett,20/06/2025 12:14,https://crawfordhiggins.co.uk,,,united kingdom,,Lead,
1.77E+11,Arc Plan,,,arcplan.co.uk,11,,United Kingdom,James Garrett,20/06/2025 12:14,https://arcplan.co.uk,,,united kingdom,,Lead,
1.77E+11,Studio INTEGRATE,,,studiointegrate.com,11,,United Kingdom,James Garrett,20/06/2025 12:14,https://studiointegrate.com,,,united kingdom,,Lead,
1.77E+11,Roger Coy Partnership Ltd.,,,rogercoy.co.uk,11,,United Kingdom,James Garrett,20/06/2025 12:14,https://rogercoy.co.uk,,,united kingdom,,Lead,
1.77E+11,AMS Planning,,,amsplanning.co.uk,11,Ripon,United Kingdom,James Garrett,20/06/2025 12:14,https://amsplanning.co.uk,,,united kingdom,,Lead,
1.77E+11,Hoban Design,,,hobandesign.co.uk,11,,United Kingdom,James Garrett,20/06/2025 12:14,https://hobandesign.co.uk,,,united kingdom,,Lead,
1.77E+11,Progress Planning,,,progressplanning.co.uk,11,,United Kingdom,James Garrett,20/06/2025 12:14,https://progressplanning.co.uk,,,united kingdom,,Lead,
1.77E+11,Hankinson Duckett Associates,,,hda-enviro.co.uk,11,,United Kingdom,James Garrett,20/06/2025 12:14,https://hda-enviro.co.uk,,,united kingdom,,Lead,
1.77E+11,Jonathan Dunn Architects,,,jdarchitects.co.uk,11,,United Kingdom,James Garrett,20/06/2025 12:14,https://jdarchitects.co.uk,,,united kingdom,,Lead,
1.77E+11,Paul Archer Design,,,paularcherdesign.co.uk,11,,United Kingdom,James Garrett,20/06/2025 12:14,https://paularcherdesign.co.uk,,,united kingdom,,Lead,
1.77E+11,PLC Architects,,,plcarchitects.com,11,,United Kingdom,James Garrett,20/06/2025 12:14,https://plcarchitects.com,,,united kingdom,,Lead,
1.77E+11,Laister Planning Ltd,,,laister.co.uk,11,,United Kingdom,James Garrett,20/06/2025 12:14,https://laister.co.uk,,,united kingdom,,Lead,
1.77E+11,Kilburn Nightingale Architects Ltd,,,kilburnnightingale.com,11,,United Kingdom,James Garrett,20/06/2025 12:14,https://kilburnnightingale.com,,,united kingdom,,Lead,
1.77E+11,ACCENT Office Interiors Ltd,,,accentoffice.co.uk,11,,United Kingdom,James Garrett,20/06/2025 12:14,https://accentoffice.co.uk,,,united kingdom,,Lead,
1.77E+11,Zesta Planning Ltd,,,zestaplanning.co.uk,11,,United Kingdom,James Garrett,20/06/2025 12:14,https://zestaplanning.co.uk,,,united kingdom,,Lead,
1.77E+11,dpsq,,,design-squared.eu,11,,United Kingdom,James Garrett,20/06/2025 12:14,https://design-squared.eu,,,united kingdom,,Lead,
1.77E+11,Chartered Institute of Architectural Technologists (CIAT),,,architecturaltechnology.com,11,,United Kingdom,James Garrett,20/06/2025 12:14,https://architecturaltechnology.com,,,united kingdom,,Lead,
1.77E+11,Foggo Associates,,,foggo.com,11,,United Kingdom,James Garrett,20/06/2025 12:14,https://foggo.com,,,united kingdom,,Lead,
1.77E+11,Lippe Architects + Planners Ltd,,,lippe-architects.co.uk,11,,United Kingdom,James Garrett,20/06/2025 12:14,https://lippe-architects.co.uk,,,united kingdom,,Lead,
1.77E+11,Stanhope Gate Architecture Ltd,,,stanhopegatearchitecture.com,11,,United Kingdom,James Garrett,20/06/2025 12:14,https://stanhopegatearchitecture.com,,,united kingdom,,Lead,
1.77E+11,MRT Architects LLP,,,mrtarchitects.co.uk,11,,United Kingdom,James Garrett,20/06/2025 12:14,https://mrtarchitects.co.uk,,,united kingdom,,Lead,
1.77E+11,Orange Design Studio,,,orangedesignstudio.co.uk,8,Huddersfield,United Kingdom,James Garrett,20/06/2025 10:38,https://orangedesignstudio.co.uk,01924 650930,20/06/2025 10:53,united kingdom,,Nurturing,59A Huddersfield Rd.
1.77E+11,TMV Architects,,,tmvarchitects.co.uk,1,,United Kingdom,James Garrett,20/06/2025 10:26,https://tmvarchitects.co.uk,,29/07/2025 09:00,united kingdom,,Lead,
1.76E+11,ADM Surveyors Limited,,,admsurveyors.co.uk,10,leicester,United Kingdom,James Garrett,19/06/2025 17:28,https://admsurveyors.co.uk,0116 277 5527,30/07/2025 09:00,united kingdom,,Lead,
1.76E+11,PARKdesigned Architects,,,parkdesigned.com,5,leeds,United Kingdom,James Garrett,19/06/2025 16:41,https://parkdesigned.com,0113 819 8057  ,,united kingdom,,Lead,
1.76E+11,SDA Architects (UK),,,sdaarchitects.co.uk,11,Leeds,United Kingdom,James Garrett,19/06/2025 16:19,https://sdaarchitects.co.uk, +44 (0)113 288 1000,19/06/2025 16:26,united kingdom,,Lead,
1.76E+11,Edward Architects,,,edwardarchitecture.co.uk,11,Leeds,United Kingdom,James Garrett,19/06/2025 11:55,https://edwardarchitecture.co.uk,0113 819 8041,19/06/2025 12:06,united kingdom,,Lead,
1.76E+11,Cunniff Design,,,cunniffdesign.com,8,Leeds,United Kingdom,James Garrett,19/06/2025 10:58,https://cunniffdesign.com, +44 113 219 1333,04/07/2025 16:00,united kingdom,,Nurturing,
1.76E+11,HALLIDAY CLARK ARCHITECTS,,Architecture,hallidayclark.co.uk,5,leeds,United Kingdom,James Garrett,19/06/2025 10:47,https://hallidayclark.co.uk, +44 (0) 1943 604123   ,15/07/2025 17:28,united kingdom,,Lead,
1.76E+11,Coleflax Bennett Architecture,,,cbarch.co.uk,1,,United Kingdom,James Garrett,18/06/2025 15:32,https://cbarch.co.uk,,,united kingdom,,Lead,
1.76E+11,James Boon Architects,,,jamesboonarchitects.co.uk,1,,United Kingdom,James Garrett,18/06/2025 15:19,https://jamesboonarchitects.co.uk,,,united kingdom,,Lead,
1.74E+11,Richmond Bell Architects,,,www.richmondbellarchitects.com,7,Winchester,United Kingdom,James Garrett,16/06/2025 15:23,www.richmondbellarchitects.com,4.40E+12,16/07/2025 11:04,,,Lead,
1.73E+11,Saunders Architects,,,www.saundersarchitects.co.uk,9,Southampton,United Kingdom,James Garrett,13/06/2025 11:20,www.saundersarchitects.co.uk,4.40E+12,01/07/2025 12:39,,,Nurturing,
1.73E+11,The Goddard Partnership,,,www.thegoddardpartnership.com,6,Southampton,,James Garrett,13/06/2025 11:11,www.thegoddardpartnership.com,4.40E+12,04/07/2025 09:00,,,Lead,
1.82E+11,Forum Architecture,,,forumarchitecture.co.uk,5,Southampton,United States,James Garrett,13/06/2025 10:51,forumarchitecture.co.uk, +1407-830-1400,13/06/2025 11:03,United States,Architecture & Planning,Lead,237 S Westmonte Dr
1.73E+11,HPW Architecture,,,www.hpw.co.uk,9,southampton,United Kingdom,James Garrett,12/06/2025 17:39,www.hpw.co.uk,4.40E+12,22/07/2025 17:41,,,Lead,
1.72E+11,GPW Architects,,,www.gpwarchitects.co.uk,2,Melton Mowbray,United Kingdom,James Garrett,11/06/2025 10:25,www.gpwarchitects.co.uk,,11/06/2025 14:17,,,Lead,
1.47E+11,Architecture for London,,,architectureforlondon.com,11,,,James Garrett,07/05/2025 19:01,architectureforlondon.com,,,,,Lead,
1.44E+11,Ayshford Sansome,,,ayshford.com,8,,,James Garrett,02/05/2025 22:27,ayshford.com,,,,,Lead,
1.39E+11,Masterplan Building Design,,,masterplanbd.com,1,,,James Garrett,27/04/2025 04:43,masterplanbd.com,,12/05/2025 16:00,,,Nurturing,
1.29E+11,Max construction plc,,,,6,,,James Garrett,10/04/2025 08:54,,,,,,Nurturing,
1.19E+11,MDLR Architects,,,mdlr-architects.co.uk,8,London,United Kingdom,James Garrett,19/03/2025 15:32,mdlr-architects.co.uk,,24/03/2025 08:30,United Kingdom,Architecture & Planning,Lead,5A Iliffe Yard
1.18E+11,Studio Partington,,,studiopartington.co.uk,10,London,United Kingdom,James Garrett,19/03/2025 15:03,studiopartington.co.uk,,24/03/2025 08:32,United Kingdom,Architecture & Planning,Lead,
1.18E+11,Urban Mesh Design,,,urbanmesh.com,10,London,United Kingdom,James Garrett,19/03/2025 14:32,urbanmesh.com,,24/03/2025 08:33,United Kingdom,Architecture & Planning,Lead,9 Newbury Street
1.06E+11,ADP Architecture and Design Limited,,,adp-architects.com,7,Holmfirth,United Kingdom,James Garrett,26/02/2025 10:39,adp-architects.com,,26/02/2025 10:55,United Kingdom,Architecture & Planning,Nurturing,16 Bridge Lane
1.04E+11,Studio Local,,,studio-local.com,3,Kansas City,United States,James Garrett,24/02/2025 01:23,studio-local.com, +1 816-408-0880,28/08/2025 17:17,United States,Architecture & Planning,Opportunity,800 West 47th Street
88457293020,La architects,,,la-architects.co.uk,11,,,James Garrett,02/02/2025 23:10,https://la-architects.co.uk,,,,,Lead,
76412072159,AMA,,Architecture,ama.design,10,Dubai,United Arab Emirates,James Garrett,08/01/2025 10:42,ama.design,,,United Arab Emirates,Architecture & Planning,Lead,
52797352161,JMP Architecture Ltd,,,jmparchitecture.co.uk,5,,,James Garrett,06/12/2024 19:19,jmparchitecture.co.uk,,,,,Nurturing,
51025853689,All Design,,,all-design.co.uk,4,Bridge of Don,United Kingdom,James Garrett,05/12/2024 13:59,all-design.co.uk,,10/03/2025 09:00,United Kingdom,Architecture & Planning,Nurturing,Campus Two
51386253515,STL Architecture,,,stlarchitecture.co.uk,6,Reading,United Kingdom,James Garrett,05/12/2024 13:08,stlarchitecture.co.uk,,,United Kingdom,Architecture & Planning,Nurturing,2 Richfield Avenue
44470423778,N & N Chartered Architects,,,,3,,,James Garrett,21/11/2024 00:18,,,21/11/2024 11:47,,,Nurturing,
44473966830,Wynn Rogers,,,wynn-rogers.co.uk,5,,United Kingdom,James Garrett,20/11/2024 22:28,wynn-rogers.co.uk,,,United Kingdom,,Nurturing,
44270364921,MR-A,,,mr-a.co.uk,3,,,James Garrett,20/11/2024 15:29,mr-a.co.uk,,,,,Nurturing,
44171188444,ESG Architects ltd,,Architecture,,1,,,James Garrett,20/11/2024 15:18,,,20/11/2024 15:29,,,Nurturing,
44297350346,Andrew Nesbitt Architects,,Architecture,an-architects.co.uk,3,,United Kingdom,James Garrett,20/11/2024 15:09,an-architects.co.uk,,20/11/2024 15:27,United Kingdom,Architecture & Planning,Nurturing,
37567813852,na,,,asu.edu,1,Tempe,United States,James Garrett,10/11/2024 17:11,asu.edu, +1 855-278-5080,,United States,Higher Education,Nurturing,1151 South Forest Avenue
13144161252,Ó Heochadha Inc,,,,8,,,James Garrett,02/08/2024 15:14,,,,,,Nurturing,
12295762629,"32 POINTS MANNING, LLC",,,32pointsmanning.com,3,Destin,United States,James Garrett,10/06/2024 04:36,32pointsmanning.com, +1 818-481-3311,12/06/2024 16:34,United States,Human Resources,Nurturing,
10854565859,Morris+Company ApS,,,morrisand.company,6,København NV,Denmark,James Garrett,27/03/2024 14:09,morrisand.company,,,Denmark,Architecture & Planning,Lead,Nattergalevej 6